N,seed,kproj,hyper_w,hyper_M,probes,recall,qps,time_per_query
1,42,12,20,2000,100,0.0,181.263406,0.005516833331488872
1,42,12,20,2000,250,0.0,479.846449,0.002084000000591856
1,42,12,20,2000,500,0.0,206.426753,0.0048443333311549985
1,42,12,20,5000,100,0.08333333333333333,128.307939,0.007793750003263633
1,42,12,20,5000,250,0.08333333333333333,110.495203,0.009050166639360806
1,42,12,20,5000,500,0.08333333333333333,107.783786,0.009277833309733618
1,42,12,20,10000,100,0.08333333333333333,84.860828,0.011784000033560832
1,42,12,20,10000,250,0.08333333333333333,66.221146,0.015100916556170742
1,42,12,20,10000,500,0.08333333333333333,77.355973,0.012927249974607648
1,42,12,40,2000,100,0.0,306.450789,0.0032631666678463018
1,42,12,40,2000,250,0.0,499.271895,0.00200291666728006
1,42,12,40,2000,500,0.0,219.679634,0.004552083330583117
1,42,12,40,5000,100,0.08333333333333333,140.345953,0.00712524998850519
1,42,12,40,5000,250,0.08333333333333333,146.754883,0.006814083317418474
1,42,12,40,5000,500,0.08333333333333333,195.360195,0.0051187500094376955
1,42,12,40,10000,100,0.08333333333333333,67.657854,0.014780250050496725
1,42,12,40,10000,250,0.08333333333333333,82.444196,0.012129416605627398
1,42,12,40,10000,500,0.08333333333333333,71.664895,0.013953833323833098
1,42,12,80,2000,100,0.0,476.776988,0.0020974166647489286
1,42,12,80,2000,250,0.0,208.990056,0.004784916656513073
1,42,12,80,2000,500,0.0,395.56962,0.00252800000161792
1,42,12,80,5000,100,0.08333333333333333,73.385967,0.013626583403881563
1,42,12,80,5000,250,0.08333333333333333,160.627518,0.006225583339960467
1,42,12,80,5000,500,0.08333333333333333,155.692507,0.0064229166789638754
1,42,12,80,10000,100,0.08333333333333333,80.130345,0.01247966672301236
1,42,12,80,10000,250,0.08333333333333333,82.659999,0.012097749964889305
1,42,12,80,10000,500,0.08333333333333333,75.945041,0.013167416684915608
1,42,12,120,2000,100,0.0,354.473754,0.0028210833347057907
1,42,12,120,2000,250,0.0,260.360165,0.0038408333317809964
1,42,12,120,2000,500,0.0,492.408699,0.002030833334242131
1,42,12,120,5000,100,0.08333333333333333,143.841774,0.006952083335679662
1,42,12,120,5000,250,0.08333333333333333,170.022245,0.005881583318700445
1,42,12,120,5000,500,0.08333333333333333,157.996603,0.006329250002925696
1,42,12,120,10000,100,0.08333333333333333,86.929435,0.011503583337450657
1,42,12,120,10000,250,0.08333333333333333,84.345479,0.011856000011571456
1,42,12,120,10000,500,0.08333333333333333,89.711577,0.011146833368005558
1,42,12,300,2000,100,0.0,395.713108,0.0025270833333122743
1,42,12,300,2000,250,0.0,426.515017,0.00234458333268955
1,42,12,300,2000,500,0.0,441.127817,0.002266916665561356
1,42,12,300,5000,100,0.08333333333333333,140.339387,0.00712558335458598
1,42,12,300,5000,250,0.08333333333333333,152.840931,0.0065427499914927885
1,42,12,300,5000,500,0.08333333333333333,160.294943,0.006238499988112539
1,42,12,300,10000,100,0.08333333333333333,86.781073,0.011523250006369475
1,42,12,300,10000,250,0.08333333333333333,81.017581,0.01234299997182093
1,42,12,300,10000,500,0.08333333333333333,52.364017,0.019097083403666303
1,42,12,500,2000,100,0.0,402.131296,0.002486749999184346
1,42,12,500,2000,250,0.0,485.338726,0.002060416666606571
1,42,12,500,2000,500,0.0,197.329474,0.005067666678116214
1,42,12,500,5000,100,0.08333333333333333,166.750042,0.0059969999887616214
1,42,12,500,5000,250,0.08333333333333333,152.977321,0.006536916671458772
1,42,12,500,5000,500,0.08333333333333333,106.578562,0.009382749975553245
1,42,12,500,10000,100,0.08333333333333333,74.634292,0.013398666661164281
1,42,12,500,10000,250,0.08333333333333333,92.000552,0.010869500000391302
1,42,12,500,10000,500,0.08333333333333333,78.01732,0.012817666641202236
1,42,12,1000,2000,100,0.0,224.13149,0.004461666676110527
1,42,12,1000,2000,250,0.0,265.527847,0.0037660833366377575
1,42,12,1000,2000,500,0.0,146.115163,0.006843916671399806
1,42,12,1000,5000,100,0.08333333333333333,102.560596,0.009750333354147045
1,42,12,1000,5000,250,0.08333333333333333,127.422352,0.007847916666928264
1,42,12,1000,5000,500,0.08333333333333333,122.936964,0.008134250004742268
1,42,12,1000,10000,100,0.08333333333333333,90.911846,0.010999666644102684
1,42,12,1000,10000,250,0.08333333333333333,78.270738,0.012776166745738364
1,42,12,1000,10000,500,0.08333333333333333,50.742103,0.019707500101050206
1,42,14,20,2000,100,0.0,239.058111,0.004183083334076876
1,42,14,20,2000,250,0.0,467.653936,0.0021383333337324888
1,42,14,20,2000,500,0.0,404.55802,0.002471833335549744
1,42,14,20,5000,100,0.08333333333333333,145.518044,0.006872000011215104
1,42,14,20,5000,250,0.08333333333333333,74.450001,0.013431833264851131
1,42,14,20,5000,500,0.08333333333333333,192.613281,0.005191749991528362
1,42,14,20,10000,100,0.08333333333333333,93.007394,0.010751833343486648
1,42,14,20,10000,250,0.08333333333333333,68.499406,0.014598666738803546
1,42,14,20,10000,500,0.08333333333333333,77.92056,0.012833583331536632
1,42,14,40,2000,100,0.0,612.682528,0.00163216666756327
1,42,14,40,2000,250,0.0,362.570626,0.0027580833313286665
1,42,14,40,2000,500,0.0,230.472276,0.004338916668658229
1,42,14,40,5000,100,0.08333333333333333,200.601805,0.004985000010343875
1,42,14,40,5000,250,0.08333333333333333,138.508951,0.0072197500073479005
1,42,14,40,5000,500,0.08333333333333333,152.305525,0.0065657499949525805
1,42,14,40,10000,100,0.08333333333333333,88.065638,0.011355166699638285
1,42,14,40,10000,250,0.08333333333333333,83.788351,0.011934833280105965
1,42,14,40,10000,500,0.08333333333333333,57.982219,0.017246666603083955
1,42,14,80,2000,100,0.0,289.254206,0.0034571666695142195
1,42,14,80,2000,250,0.0,440.722785,0.002269000001894615
1,42,14,80,2000,500,0.0,380.348653,0.0026291666661956074
1,42,14,80,5000,100,0.08333333333333333,129.458217,0.007724500021501146
1,42,14,80,5000,250,0.08333333333333333,165.48985,0.006042666665055289
1,42,14,80,5000,500,0.08333333333333333,158.056953,0.006326833340890736
1,42,14,80,10000,100,0.08333333333333333,84.658474,0.011812166611933024
1,42,14,80,10000,250,0.08333333333333333,85.310281,0.011721916611668411
1,42,14,80,10000,500,0.08333333333333333,86.445989,0.01156791670230067
1,42,14,120,2000,100,0.0,350.354734,0.002854250001371467
1,42,14,120,2000,250,0.0,547.745116,0.001825666666464626
1,42,14,120,2000,500,0.0,280.177446,0.003569166663043963
1,42,14,120,5000,100,0.08333333333333333,138.91783,0.007198500005362882
1,42,14,120,5000,250,0.08333333333333333,165.901676,0.006027666652385115
1,42,14,120,5000,500,0.08333333333333333,189.050807,0.005289583344650838
1,42,14,120,10000,100,0.08333333333333333,121.904143,0.008203166647092544
1,42,14,120,10000,250,0.08333333333333333,69.405886,0.014407999920928897
1,42,14,120,10000,500,0.08333333333333333,78.69833,0.01270674993992884
1,42,14,300,2000,100,0.0,385.492627,0.002594083336385056
1,42,14,300,2000,250,0.0,317.670417,0.003147916666096107
1,42,14,300,2000,500,0.0,561.167228,0.001781999999472528
1,42,14,300,5000,100,0.08333333333333333,171.855756,0.005818833324383967
1,42,14,300,5000,250,0.08333333333333333,182.912888,0.0054670833254789565
1,42,14,300,5000,500,0.08333333333333333,140.65357,0.007109666679629959
1,42,14,300,10000,100,0.08333333333333333,58.523739,0.017087083243263045
1,42,14,300,10000,250,0.08333333333333333,55.546555,0.018002916652526877
1,42,14,300,10000,500,0.08333333333333333,58.498633,0.01709441654816105
1,42,14,500,2000,100,0.0,313.561536,0.003189166671259067
1,42,14,500,2000,250,0.0,430.910658,0.0023206666658962052
1,42,14,500,2000,500,0.0,566.545489,0.001765083332964284
1,42,14,500,5000,100,0.08333333333333333,166.805671,0.005995000014118225
1,42,14,500,5000,250,0.08333333333333333,166.352445,0.0060113333470992875
1,42,14,500,5000,500,0.08333333333333333,95.55053,0.010465666700121916
1,42,14,500,10000,100,0.08333333333333333,75.475496,0.013249333267051334
1,42,14,500,10000,250,0.08333333333333333,89.010867,0.011234583300935604
1,42,14,500,10000,500,0.08333333333333333,90.354642,0.011067499996292387
1,42,14,1000,2000,100,0.0,532.056398,0.0018794999999229406
1,42,14,1000,2000,250,0.0,569.665322,0.001755416665506629
1,42,14,1000,2000,500,0.0,519.975734,0.001923166668389183
1,42,14,1000,5000,100,0.08333333333333333,166.527893,0.006005000015222675
1,42,14,1000,5000,250,0.08333333333333333,165.239184,0.00605183332302101
1,42,14,1000,5000,500,0.08333333333333333,107.082623,0.009338583347925648
1,42,14,1000,10000,100,0.08333333333333333,88.980506,0.011238416648248773
1,42,14,1000,10000,250,0.08333333333333333,89.396795,0.011186083348961224
1,42,14,1000,10000,500,0.08333333333333333,81.613776,0.012252833394205409
1,42,16,20,2000,100,0.0,472.21785,0.0021176666659254834
1,42,16,20,2000,250,0.0,619.386807,0.0016145000001590282
1,42,16,20,2000,500,0.0,457.962829,0.0021835833318253873
1,42,16,20,5000,100,0.08333333333333333,120.211572,0.008318666692088512
1,42,16,20,5000,250,0.08333333333333333,164.239571,0.006088666658779813
1,42,16,20,5000,500,0.08333333333333333,161.871231,0.006177750016616603
1,42,16,20,10000,100,0.08333333333333333,86.040626,0.011622416601199531
1,42,16,20,10000,250,0.08333333333333333,53.793326,0.018589666680955925
1,42,16,20,10000,500,0.08333333333333333,78.77117,0.01269499996001075
1,42,16,40,2000,100,0.0,318.007155,0.0031445833349252783
1,42,16,40,2000,250,0.0,393.262109,0.0025428333345992407
1,42,16,40,2000,500,0.0,482.897384,0.002070833334644861
1,42,16,40,5000,100,0.08333333333333333,135.749678,0.007366499977996265
1,42,16,40,5000,250,0.08333333333333333,188.658481,0.005300583332906195
1,42,16,40,5000,500,0.08333333333333333,180.364336,0.005544333332061832
1,42,16,40,10000,100,0.08333333333333333,86.097419,0.011614750031008479
1,42,16,40,10000,250,0.08333333333333333,84.293341,0.011863333308855322
1,42,16,40,10000,500,0.08333333333333333,72.257816,0.013839333311707067
1,42,16,80,2000,100,0.0,128.796823,0.007764166667371912
1,42,16,80,2000,250,0.0,279.909496,0.003572583332435424
1,42,16,80,2000,500,0.0,541.785182,0.0018457500005971002
1,42,16,80,5000,100,0.08333333333333333,150.0075,0.006666333349999167
1,42,16,80,5000,250,0.08333333333333333,159.328695,0.006276333337193278
1,42,16,80,5000,500,0.08333333333333333,143.348624,0.006975999992856576
1,42,16,80,10000,100,0.08333333333333333,55.413942,0.01804600004814673
1,42,16,80,10000,250,0.08333333333333333,68.625545,0.014571833272872368
1,42,16,80,10000,500,0.08333333333333333,72.206945,0.013849083353408733
1,42,16,120,2000,100,0.0,352.009387,0.00284083333266337
1,42,16,120,2000,250,0.0,360.241362,0.002775916664450097
1,42,16,120,2000,500,0.0,476.776988,0.0020974166647489286
1,42,16,120,5000,100,0.08333333333333333,186.567164,0.0053600000051456
1,42,16,120,5000,250,0.08333333333333333,179.740275,0.005563583342687108
1,42,16,120,5000,500,0.08333333333333333,175.623463,0.005694000009554533
1,42,16,120,10000,100,0.08333333333333333,90.370973,0.011065499980840086
1,42,16,120,10000,250,0.08333333333333333,71.004657,0.014083583278206668
1,42,16,120,10000,500,0.08333333333333333,74.625473,0.013400250072786809
1,42,16,300,2000,100,0.0,416.75349,0.0023995000017876275
1,42,16,300,2000,250,0.0,280.872577,0.0035603333393419896
1,42,16,300,2000,500,0.0,359.195402,0.002784000002316288
1,42,16,300,5000,100,0.08333333333333333,145.627533,0.006866833348059258
1,42,16,300,5000,250,0.08333333333333333,145.371728,0.006878916648772312
1,42,16,300,5000,500,0.08333333333333333,121.946262,0.008200333356671481
1,42,16,300,10000,100,0.08333333333333333,73.43357,0.013617750029039852
1,42,16,300,10000,250,0.08333333333333333,56.322956,0.017754749946007807
1,42,16,300,10000,500,0.08333333333333333,69.400667,0.01440908341702249
1,42,16,500,2000,100,0.0,280.642672,0.003563249996422497
1,42,16,500,2000,250,0.0,672.532646,0.0014869166663472274
1,42,16,500,2000,500,0.0,342.563517,0.0029191666665426023
1,42,16,500,5000,100,0.08333333333333333,156.355866,0.006395666664658428
1,42,16,500,5000,250,0.08333333333333333,170.432757,0.005867416672723307
1,42,16,500,5000,500,0.08333333333333333,171.996159,0.005814083324965413
1,42,16,500,10000,100,0.08333333333333333,77.068321,0.01297550001121732
1,42,16,500,10000,250,0.08333333333333333,78.550482,0.012730666630409728
1,42,16,500,10000,500,0.08333333333333333,78.951004,0.012666083385082728
1,42,16,1000,2000,100,0.0,184.442293,0.005421749988762068
1,42,16,1000,2000,250,0.0,178.69641,0.0055960833236661
1,42,16,1000,2000,500,0.0,462.499036,0.002162166668818743
1,42,16,1000,5000,100,0.08333333333333333,182.754104,0.005471833343890323
1,42,16,1000,5000,250,0.08333333333333333,194.691414,0.005136333336199407
1,42,16,1000,5000,500,0.08333333333333333,139.984135,0.007143666673369807
1,42,16,1000,10000,100,0.08333333333333333,76.43945,0.013082250068518287
1,42,16,1000,10000,250,0.08333333333333333,56.752347,0.017620416649905244
1,42,16,1000,10000,500,0.08333333333333333,81.158401,0.01232158331951365
1,42,20,20,2000,100,0.0,240.910642,0.004150916670588591
1,42,20,20,2000,250,0.0,326.868599,0.0030593333316792535
1,42,20,20,2000,500,0.0,482.528449,0.0020724166669808105
1,42,20,20,5000,100,0.08333333333333333,104.399572,0.009578583329824378
1,42,20,20,5000,250,0.08333333333333333,164.239571,0.006088666658779813
1,42,20,20,5000,500,0.08333333333333333,120.632112,0.008289666685102885
1,42,20,20,10000,100,0.08333333333333333,81.79513,0.012225666735904693
1,42,20,20,10000,250,0.08333333333333333,61.531204,0.016251916669792452
1,42,20,20,10000,500,0.08333333333333333,64.843834,0.015421666769426372
1,42,20,40,2000,100,0.0,194.802032,0.005133416678117608
1,42,20,40,2000,250,0.0,328.164739,0.0030472499972033864
1,42,20,40,2000,500,0.0,454.579892,0.0021998333353469143
1,42,20,40,5000,100,0.08333333333333333,151.662601,0.006593583344914413
1,42,20,40,5000,250,0.08333333333333333,180.527139,0.005539333340900062
1,42,20,40,5000,500,0.08333333333333333,109.232912,0.009154749989636822
1,42,20,40,10000,100,0.08333333333333333,80.790671,0.012377666723426519
1,42,20,40,10000,250,0.08333333333333333,68.579266,0.014581666709585371
1,42,20,40,10000,500,0.08333333333333333,74.888603,0.013353166702815914
1,42,20,80,2000,100,0.0,396.013464,0.0025251666695857594
1,42,20,80,2000,250,0.0,434.640878,0.002300749999865406
1,42,20,80,2000,500,0.0,478.812545,0.0020884999995144237
1,42,20,80,5000,100,0.08333333333333333,141.269542,0.007078666681031641
1,42,20,80,5000,250,0.08333333333333333,188.48661,0.005305416655326338
1,42,20,80,5000,500,0.08333333333333333,124.90112,0.008006333329917298
1,42,20,80,10000,100,0.08333333333333333,88.983145,0.011238083347132765
1,42,20,80,10000,250,0.08333333333333333,61.169562,0.016348000006931554
1,42,20,80,10000,500,0.08333333333333333,89.598375,0.011160916701893309
1,42,20,120,2000,100,0.0,426.803244,0.0023429999983786438
1,42,20,120,2000,250,0.0,467.435338,0.002139333333843921
1,42,20,120,2000,500,0.0,325.353144,0.003073583330733082
1,42,20,120,5000,100,0.08333333333333333,140.783932,0.007103083326298914
1,42,20,120,5000,250,0.08333333333333333,144.950294,0.006898916672773357
1,42,20,120,5000,500,0.08333333333333333,80.202645,0.012468416721169233
1,42,20,120,10000,100,0.08333333333333333,92.216185,0.010844083389483094
1,42,20,120,10000,250,0.08333333333333333,81.255671,0.01230683332859315
1,42,20,120,10000,500,0.08333333333333333,77.585036,0.012889083405207159
1,42,20,300,2000,100,0.0,468.512084,0.002134416665334079
1,42,20,300,2000,250,0.0,273.379656,0.0036579166666300873
1,42,20,300,2000,500,0.0,328.254507,0.003046416663518957
1,42,20,300,5000,100,0.08333333333333333,141.99335,0.0070425833322476025
1,42,20,300,5000,250,0.08333333333333333,148.413827,0.006737916676725815
1,42,20,300,5000,500,0.08333333333333333,146.733349,0.006815083325059254
1,42,20,300,10000,100,0.08333333333333333,91.475267,0.010931916711431955
1,42,20,300,10000,250,0.08333333333333333,53.785369,0.018592416833656006
1,42,20,300,10000,500,0.08333333333333333,72.933254,0.01371116665108621
1,42,20,500,2000,100,0.0,380.396881,0.0026288333315750818
1,42,20,500,2000,250,0.0,222.799851,0.004488333342736392
1,42,20,500,2000,500,0.0,155.597625,0.006426833314454511
1,42,20,500,5000,100,0.08333333333333333,158.686079,0.006301750010471932
1,42,20,500,5000,250,0.08333333333333333,152.0874,0.006575166647598683
1,42,20,500,5000,500,0.08333333333333333,143.917679,0.006948416670894199
1,42,20,500,10000,100,0.08333333333333333,66.92134,0.014942916564432212
1,42,20,500,10000,250,0.08333333333333333,71.024829,0.014079583352463967
1,42,20,500,10000,500,0.08333333333333333,69.73136,0.014340749986806511
1,42,20,1000,2000,100,0.0,253.137855,0.003950416661308914
1,42,20,1000,2000,250,0.0,598.981731,0.0016695000001594373
1,42,20,1000,2000,500,0.0,330.624053,0.0030245833324171367
1,42,20,1000,5000,100,0.08333333333333333,116.825842,0.008559749990930945
1,42,20,1000,5000,250,0.08333333333333333,116.326412,0.008596499993483853
1,42,20,1000,5000,500,0.08333333333333333,129.382844,0.007728999990137796
1,42,20,1000,10000,100,0.08333333333333333,75.102797,0.013315083325059119
1,42,20,1000,10000,250,0.08333333333333333,67.298148,0.014859249915762913
1,42,20,1000,10000,500,0.08333333333333333,63.287801,0.015800833402317138
10,42,12,20,2000,100,0.09166666666666667,538.889887,0.0018556666660920285
10,42,12,20,2000,250,0.09166666666666667,252.849828,0.003954916670934022
10,42,12,20,2000,500,0.09166666666666667,432.900433,0.0023099999994686997
10,42,12,20,5000,100,0.13333333333333333,164.194625,0.006090333346782819
10,42,12,20,5000,250,0.13333333333333333,134.189162,0.0074521666660382
10,42,12,20,5000,500,0.13333333333333333,172.292495,0.005804083340948774
10,42,12,20,10000,100,0.17500000000000002,92.360267,0.010827166621335125
10,42,12,20,10000,250,0.17500000000000002,83.276659,0.012008166658078826
10,42,12,20,10000,500,0.17500000000000002,66.372049,0.015066583223911016
10,42,12,40,2000,100,0.09166666666666667,608.51927,0.0016433333327307777
10,42,12,40,2000,250,0.09166666666666667,122.645463,0.008153583308662627
10,42,12,40,2000,500,0.09166666666666667,382.226469,0.0026162500012525294
10,42,12,40,5000,100,0.13333333333333333,167.888522,0.005956333334091774
10,42,12,40,5000,250,0.13333333333333333,187.793427,0.005325000006523125
10,42,12,40,5000,500,0.13333333333333333,155.759196,0.006420166678312849
10,42,12,40,10000,100,0.17500000000000002,76.564793,0.013060833325834239
10,42,12,40,10000,250,0.17500000000000002,86.752841,0.011527000020667911
10,42,12,40,10000,500,0.17500000000000002,67.487768,0.014817499965327049
10,42,12,80,2000,100,0.09166666666666667,179.278404,0.005577916679802661
10,42,12,80,2000,250,0.09166666666666667,311.753092,0.003207666662051904
10,42,12,80,2000,500,0.09166666666666667,151.408095,0.006604666679149486
10,42,12,80,5000,100,0.13333333333333333,114.310754,0.008748083316815494
10,42,12,80,5000,250,0.13333333333333333,153.421295,0.006517999994720421
10,42,12,80,5000,500,0.13333333333333333,188.365303,0.005308833336466429
10,42,12,80,10000,100,0.17500000000000002,75.920056,0.013171750031375109
10,42,12,80,10000,250,0.17500000000000002,57.568038,0.017370750067945688
10,42,12,80,10000,500,0.17500000000000002,88.459043,0.01130466672582022
10,42,12,120,2000,100,0.09166666666666667,507.44249,0.0019706666660886042
10,42,12,120,2000,250,0.09166666666666667,244.748113,0.004085833340010266
10,42,12,120,2000,500,0.09166666666666667,198.544011,0.005036666656240766
10,42,12,120,5000,100,0.13333333333333333,72.557971,0.013782083294473602
10,42,12,120,5000,250,0.13333333333333333,126.025268,0.007934916670837788
10,42,12,120,5000,500,0.13333333333333333,103.10607,0.009698750034794265
10,42,12,120,10000,100,0.17500000000000002,76.097227,0.013141083314376224
10,42,12,120,10000,250,0.17500000000000002,93.023977,0.010749916658583625
10,42,12,120,10000,500,0.17500000000000002,58.698651,0.017036166640354306
10,42,12,300,2000,100,0.09166666666666667,351.947443,0.00284133332941987
10,42,12,300,2000,250,0.09166666666666667,447.510722,0.002234583331391108
10,42,12,300,2000,500,0.09166666666666667,252.759289,0.003956333331828608
10,42,12,300,5000,100,0.13333333333333333,128.454902,0.007784833310604215
10,42,12,300,5000,250,0.13333333333333333,182.52061,0.005478833321891703
10,42,12,300,5000,500,0.13333333333333333,158.698671,0.006301249995975077
10,42,12,300,10000,100,0.17500000000000002,84.290972,0.011863666728152098
10,42,12,300,10000,250,0.17500000000000002,63.91478,0.015645833405043403
10,42,12,300,10000,500,0.17500000000000002,72.710527,0.013753166718211243
10,42,12,500,2000,100,0.09166666666666667,248.226217,0.004028583330502918
10,42,12,500,2000,250,0.09166666666666667,356.315696,0.002806499997687444
10,42,12,500,2000,500,0.09166666666666667,172.552629,0.005795333318277057
10,42,12,500,5000,100,0.13333333333333333,195.503421,0.005115000008107275
10,42,12,500,5000,250,0.13333333333333333,91.764868,0.010897416645333157
10,42,12,500,5000,500,0.13333333333333333,157.443124,0.0063514999867507705
10,42,12,500,10000,100,0.17500000000000002,58.726803,0.017027999974730448
10,42,12,500,10000,250,0.17500000000000002,85.18976,0.011738500026294238
10,42,12,500,10000,500,0.17500000000000002,58.432831,0.01711366680145961
10,42,12,1000,2000,100,0.09166666666666667,507.013689,0.0019723333347711645
10,42,12,1000,2000,250,0.09166666666666667,348.675035,0.0028679999989101603
10,42,12,1000,2000,500,0.09166666666666667,317.057705,0.00315399999504822
10,42,12,1000,5000,100,0.13333333333333333,212.404418,0.004708000000263648
10,42,12,1000,5000,250,0.13333333333333333,147.579693,0.006776000001572032
10,42,12,1000,5000,500,0.13333333333333333,139.251523,0.007181250003276446
10,42,12,1000,10000,100,0.17500000000000002,55.105274,0.018147083344508912
10,42,12,1000,10000,250,0.17500000000000002,52.39923,0.01908424990214551
10,42,12,1000,10000,500,0.17500000000000002,68.309899,0.014639166718721104
10,42,14,20,2000,100,0.09166666666666667,510.290866,0.001959666665873655
10,42,14,20,2000,250,0.09166666666666667,410.214337,0.002437749999946979
10,42,14,20,2000,500,0.09166666666666667,408.427215,0.002448416665867871
10,42,14,20,5000,100,0.13333333333333333,288.260588,0.003469083328172494
10,42,14,20,5000,250,0.13333333333333333,135.156444,0.007398833310530129
10,42,14,20,5000,500,0.13333333333333333,127.983618,0.007813500005914818
10,42,14,20,10000,100,0.17500000000000002,56.782155,0.017611166747722062
10,42,14,20,10000,250,0.17500000000000002,60.066373,0.01664825009494081
10,42,14,20,10000,500,0.17500000000000002,54.412392,0.01837816650295396
10,42,14,40,2000,100,0.09166666666666667,351.730809,0.002843083330809386
10,42,14,40,2000,250,0.09166666666666667,313.741895,0.003187333333343958
10,42,14,40,2000,500,0.09166666666666667,447.09389,0.002236666665250111
10,42,14,40,5000,100,0.13333333333333333,148.776315,0.0067214999914468904
10,42,14,40,5000,250,0.13333333333333333,193.939394,0.005156249998388672
10,42,14,40,5000,500,0.13333333333333333,167.128592,0.005983416649617919
10,42,14,40,10000,100,0.17500000000000002,57.767294,0.017310833358405192
10,42,14,40,10000,250,0.17500000000000002,81.469161,0.012274583262248152
10,42,14,40,10000,500,0.17500000000000002,66.868759,0.014954666647843727
10,42,14,80,2000,100,0.09166666666666667,361.598264,0.0027655000025110744
10,42,14,80,2000,250,0.09166666666666667,474.890182,0.0021057499984280578
10,42,14,80,2000,500,0.09166666666666667,233.972859,0.004274000002709716
10,42,14,80,5000,100,0.13333333333333333,142.397741,0.00702258331471705
10,42,14,80,5000,250,0.13333333333333333,144.534779,0.0069187499847355085
10,42,14,80,5000,500,0.13333333333333333,185.643564,0.005386666677009067
10,42,14,80,10000,100,0.17500000000000002,57.502384,0.01739058331911943
10,42,14,80,10000,250,0.17500000000000002,67.94286,0.014718250011848191
10,42,14,80,10000,500,0.17500000000000002,83.526488,0.011972250048391834
10,42,14,120,2000,100,0.09166666666666667,747.33761,0.001338083332912952
10,42,14,120,2000,250,0.09166666666666667,485.653001,0.0020590833330400853
10,42,14,120,2000,500,0.09166666666666667,198.668918,0.005033500006276775
10,42,14,120,5000,100,0.13333333333333333,179.605765,0.00556775001069704
10,42,14,120,5000,250,0.13333333333333333,126.753422,0.007889333354645053
10,42,14,120,5000,500,0.13333333333333333,200.719244,0.004982083332278792
10,42,14,120,10000,100,0.17500000000000002,81.121642,0.01232716665177956
10,42,14,120,10000,250,0.17500000000000002,82.058015,0.012186500002467767
10,42,14,120,10000,500,0.17500000000000002,53.472123,0.018701333403201514
10,42,14,300,2000,100,0.09166666666666667,279.537831,0.003577333330600251
10,42,14,300,2000,250,0.09166666666666667,274.323336,0.003645333330300416
10,42,14,300,2000,500,0.09166666666666667,288.871236,0.00346174999576628
10,42,14,300,5000,100,0.13333333333333333,174.621653,0.0057266666694536445
10,42,14,300,5000,250,0.13333333333333333,144.23597,0.0069330833355923625
10,42,14,300,5000,500,0.13333333333333333,188.913902,0.005293416680366911
10,42,14,300,10000,100,0.17500000000000002,93.101201,0.01074100000063372
10,42,14,300,10000,250,0.17500000000000002,91.689844,0.01090633331211688
10,42,14,300,10000,500,0.17500000000000002,63.546532,0.015736499987127544
10,42,14,500,2000,100,0.09166666666666667,411.452083,0.002430416666525905
10,42,14,500,2000,250,0.09166666666666667,465.459059,0.002148416666652523
10,42,14,500,2000,500,0.09166666666666667,303.275374,0.003297333333764185
10,42,14,500,5000,100,0.13333333333333333,174.771704,0.005721750015093977
10,42,14,500,5000,250,0.13333333333333333,139.622554,0.007162166651098503
10,42,14,500,5000,500,0.13333333333333333,171.801626,0.0058206666798368955
10,42,14,500,10000,100,0.17500000000000002,89.47545,0.011176250021653985
10,42,14,500,10000,250,0.17500000000000002,86.039392,0.011622583293010717
10,42,14,500,10000,500,0.17500000000000002,56.279107,0.017768583286156263
10,42,14,1000,2000,100,0.09166666666666667,369.617446,0.0027054999995860586
10,42,14,1000,2000,250,0.09166666666666667,327.278678,0.0030554999980780904
10,42,14,1000,2000,500,0.09166666666666667,310.189733,0.0032238333304216746
10,42,14,1000,5000,100,0.13333333333333333,128.180478,0.007801500006888725
10,42,14,1000,5000,250,0.13333333333333333,154.110908,0.006488833353703944
10,42,14,1000,5000,500,0.13333333333333333,174.130075,0.0057428333388129535
10,42,14,1000,10000,100,0.17500000000000002,71.446858,0.013996416749355162
10,42,14,1000,10000,250,0.17500000000000002,88.218429,0.011335499978128152
10,42,14,1000,10000,500,0.17500000000000002,56.443761,0.017716749952222353
10,42,16,20,2000,100,0.09166666666666667,337.533753,0.002962666669961152
10,42,16,20,2000,250,0.09166666666666667,527.194447,0.00189683333292014
10,42,16,20,2000,500,0.09166666666666667,307.889673,0.0032479166652660024
10,42,16,20,5000,100,0.13333333333333333,154.780792,0.006460749987634125
10,42,16,20,5000,250,0.13333333333333333,153.25279,0.0065251666870143115
10,42,16,20,5000,500,0.13333333333333333,176.792975,0.005656333346955669
10,42,16,20,10000,100,0.17500000000000002,58.12095,0.017205499910101264
10,42,16,20,10000,250,0.17500000000000002,61.192021,0.01634199988263176
10,42,16,20,10000,500,0.17500000000000002,61.442989,0.0162752498905937
10,42,16,40,2000,100,0.09166666666666667,484.437447,0.0020642500000624437
10,42,16,40,2000,250,0.09166666666666667,492.065445,0.0020322499987781096
10,42,16,40,2000,500,0.09166666666666667,231.512743,0.004319416663816212
10,42,16,40,5000,100,0.13333333333333333,108.509888,0.009215749996903508
10,42,16,40,5000,250,0.13333333333333333,202.689007,0.004933666678824866
10,42,16,40,5000,500,0.13333333333333333,146.013823,0.00684866664986917
10,42,16,40,10000,100,0.17500000000000002,54.645555,0.018299750089462902
10,42,16,40,10000,250,0.17500000000000002,51.012166,0.019603166821028535
10,42,16,40,10000,500,0.17500000000000002,90.157776,0.011091666679976667
10,42,16,80,2000,100,0.09166666666666667,420.506711,0.0023780833309934974
10,42,16,80,2000,250,0.09166666666666667,239.167696,0.004181166673947472
10,42,16,80,2000,500,0.09166666666666667,357.621815,0.0027962499994582265
10,42,16,80,5000,100,0.13333333333333333,192.150646,0.005204250002885756
10,42,16,80,5000,250,0.13333333333333333,150.293071,0.006653666688333224
10,42,16,80,5000,500,0.13333333333333333,145.384056,0.006878333343513268
10,42,16,80,10000,100,0.17500000000000002,59.170722,0.01690025009328093
10,42,16,80,10000,250,0.17500000000000002,81.126578,0.012326416627606307
10,42,16,80,10000,500,0.17500000000000002,80.271317,0.012457750008013448
10,42,16,120,2000,100,0.09166666666666667,534.49735,0.0018709166659105045
10,42,16,120,2000,250,0.09166666666666667,340.001133,0.0029411666695828335
10,42,16,120,2000,500,0.09166666666666667,241.643174,0.004138333326146428
10,42,16,120,5000,100,0.13333333333333333,162.658931,0.0061478333458370015
10,42,16,120,5000,250,0.13333333333333333,183.348867,0.0054540833350227354
10,42,16,120,5000,500,0.13333333333333333,142.357198,0.007024583330166417
10,42,16,120,10000,100,0.17500000000000002,76.937379,0.0129975833983115
10,42,16,120,10000,250,0.17500000000000002,82.66854,0.012096500071248387
10,42,16,120,10000,500,0.17500000000000002,86.755977,0.011526583349986365
10,42,16,300,2000,100,0.09166666666666667,245.549417,0.004072499997016894
10,42,16,300,2000,250,0.09166666666666667,446.46179,0.0022398333348974835
10,42,16,300,2000,500,0.09166666666666667,268.558512,0.0037235833359100527
10,42,16,300,5000,100,0.13333333333333333,173.122701,0.005776249990461967
10,42,16,300,5000,250,0.13333333333333333,160.799711,0.006218916649669849
10,42,16,300,5000,500,0.13333333333333333,171.369816,0.005835333335480737
10,42,16,300,10000,100,0.17500000000000002,68.989703,0.014494916726920826
10,42,16,300,10000,250,0.17500000000000002,79.28747,0.012612333323285508
10,42,16,300,10000,500,0.17500000000000002,84.595808,0.011820916705470795
10,42,16,500,2000,100,0.09166666666666667,296.288981,0.003375083327854167
10,42,16,500,2000,250,0.09166666666666667,274.530439,0.003642583327526752
10,42,16,500,2000,500,0.09166666666666667,517.844043,0.0019310833319752987
10,42,16,500,5000,100,0.13333333333333333,174.312193,0.005736833337872125
10,42,16,500,5000,250,0.13333333333333333,170.689729,0.005858583324600626
10,42,16,500,5000,500,0.13333333333333333,167.726606,0.005962083320281339
10,42,16,500,10000,100,0.17500000000000002,69.206946,0.014449416681383397
10,42,16,500,10000,250,0.17500000000000002,73.808909,0.013548499951408305
10,42,16,500,10000,500,0.17500000000000002,60.094649,0.0166404166866837
10,42,16,1000,2000,100,0.09166666666666667,287.900962,0.003473416667499708
10,42,16,1000,2000,250,0.09166666666666667,333.463013,0.0029988333368774545
10,42,16,1000,2000,500,0.09166666666666667,607.256718,0.0016467499993964663
10,42,16,1000,5000,100,0.13333333333333333,177.297106,0.0056402499880624105
10,42,16,1000,5000,250,0.13333333333333333,139.059494,0.007191166681506838
10,42,16,1000,5000,500,0.13333333333333333,171.973975,0.005814833319983445
10,42,16,1000,10000,100,0.17500000000000002,101.575263,0.009844916670311746
10,42,16,1000,10000,250,0.17500000000000002,90.381183,0.011064249955657253
10,42,16,1000,10000,500,0.17500000000000002,45.633796,0.021913583520424208
10,42,20,20,2000,100,0.09166666666666667,396.209595,0.0025239166658747878
10,42,20,20,2000,250,0.09166666666666667,386.498325,0.002587333334497633
10,42,20,20,2000,500,0.09166666666666667,278.151222,0.0035951666608173304
10,42,20,20,5000,100,0.13333333333333333,157.575439,0.006346166676394283
10,42,20,20,5000,250,0.13333333333333333,123.255169,0.008113250000898542
10,42,20,20,5000,500,0.13333333333333333,125.779571,0.007950416685711227
10,42,20,20,10000,100,0.17500000000000002,62.971301,0.015880249957039953
10,42,20,20,10000,250,0.17500000000000002,87.991377,0.011364749979989517
10,42,20,20,10000,500,0.17500000000000002,80.124995,0.01248049999878315
10,42,20,40,2000,100,0.09166666666666667,326.815186,0.0030598333334485874
10,42,20,40,2000,250,0.09166666666666667,465.56741,0.0021479166679643663
10,42,20,40,2000,500,0.09166666666666667,418.293363,0.002390666667116112
10,42,20,40,5000,100,0.13333333333333333,140.259012,0.007129666648443238
10,42,20,40,5000,250,0.13333333333333333,159.750789,0.006259749990968746
10,42,20,40,5000,500,0.13333333333333333,141.683196,0.007058000018576656
10,42,20,40,10000,100,0.17500000000000002,76.651358,0.013046083280090093
10,42,20,40,10000,250,0.17500000000000002,61.635815,0.016224333206269762
10,42,20,40,10000,500,0.17500000000000002,87.274631,0.011458083391953843
10,42,20,80,2000,100,0.09166666666666667,401.660195,0.0024896666696086226
10,42,20,80,2000,250,0.09166666666666667,326.166726,0.0030659166625108167
10,42,20,80,2000,500,0.09166666666666667,343.219975,0.002913583336750724
10,42,20,80,5000,100,0.13333333333333333,173.845017,0.005752250005532226
10,42,20,80,5000,250,0.13333333333333333,274.549282,0.003642333327974247
10,42,20,80,5000,500,0.13333333333333333,156.782817,0.006378249983861433
10,42,20,80,10000,100,0.17500000000000002,66.419439,0.015055833277965508
10,42,20,80,10000,250,0.17500000000000002,79.011825,0.012656333403259576
10,42,20,80,10000,500,0.17500000000000002,91.145932,0.010971416694713264
10,42,20,120,2000,100,0.09166666666666667,411.339252,0.0024310833336177702
10,42,20,120,2000,250,0.09166666666666667,277.424575,0.003604583335849032
10,42,20,120,2000,500,0.09166666666666667,493.766202,0.002025249998783837
10,42,20,120,5000,100,0.13333333333333333,118.517348,0.00843758333168238
10,42,20,120,5000,250,0.13333333333333333,154.689011,0.0064645833180742235
10,42,20,120,5000,500,0.13333333333333333,155.575435,0.006427749985079586
10,42,20,120,10000,100,0.17500000000000002,59.581145,0.01678383320763641
10,42,20,120,10000,250,0.17500000000000002,80.42572,0.012433833355797126
10,42,20,120,10000,500,0.17500000000000002,83.705941,0.011946583337495723
10,42,20,300,2000,100,0.09166666666666667,238.644499,0.004190333337622838
10,42,20,300,2000,250,0.09166666666666667,485.692314,0.002058916666323857
10,42,20,300,2000,500,0.09166666666666667,275.608636,0.0036283333298743224
10,42,20,300,5000,100,0.13333333333333333,165.40089,0.006045916681584966
10,42,20,300,5000,250,0.13333333333333333,132.706663,0.007535416665552053
10,42,20,300,5000,500,0.13333333333333333,167.322011,0.005976500007521425
10,42,20,300,10000,100,0.17500000000000002,87.580373,0.0114180833644086
10,42,20,300,10000,250,0.17500000000000002,72.651099,0.013764416695196862
10,42,20,300,10000,500,0.17500000000000002,81.173224,0.012319333281624984
10,42,20,500,2000,100,0.09166666666666667,482.722555,0.0020715833342405143
10,42,20,500,2000,250,0.09166666666666667,258.231117,0.003872499997744269
10,42,20,500,2000,500,0.09166666666666667,513.017827,0.0019492500014039473
10,42,20,500,5000,100,0.13333333333333333,151.739312,0.006590249994016052
10,42,20,500,5000,250,0.13333333333333333,193.342571,0.005172166661629838
10,42,20,500,5000,500,0.13333333333333333,202.846614,0.004929833337025779
10,42,20,500,10000,100,0.17500000000000002,58.856708,0.01699041679327359
10,42,20,500,10000,250,0.17500000000000002,78.846217,0.01268291667056138
10,42,20,500,10000,500,0.17500000000000002,81.3918,0.012286249966212812
10,42,20,1000,2000,100,0.09166666666666667,343.672137,0.0029097499981501265
10,42,20,1000,2000,250,0.09166666666666667,391.312855,0.0025554999975658864
10,42,20,1000,2000,500,0.09166666666666667,365.06343,0.0027392499982811206
10,42,20,1000,5000,100,0.13333333333333333,153.659005,0.006507916669120694
10,42,20,1000,5000,250,0.13333333333333333,141.304476,0.00707691665761529
10,42,20,1000,5000,500,0.13333333333333333,160.732942,0.00622150000838036
10,42,20,1000,10000,100,0.17500000000000002,69.849068,0.014316583293566637
10,42,20,1000,10000,250,0.17500000000000002,83.320604,0.012001833304040858
10,42,20,1000,10000,500,0.17500000000000002,84.173313,0.011880249978992749
50,42,12,20,2000,100,0.08930500658761527,208.840933,0.004788333329271231
50,42,12,20,2000,250,0.08930500658761527,307.637091,0.003250583330993726
50,42,12,20,2000,500,0.08930500658761527,415.138726,0.0024088333305720072
50,42,12,20,5000,100,0.1558772507685551,189.444769,0.00527858333211618
50,42,12,20,5000,250,0.1558772507685551,185.784397,0.005382583339331773
50,42,12,20,5000,500,0.1558772507685551,131.186252,0.0076227499814538495
50,42,12,20,10000,100,0.21421058410188842,60.16274,0.01662158339197982
50,42,12,20,10000,250,0.21421058410188842,56.276995,0.017769250117210415
50,42,12,20,10000,500,0.21421058410188842,83.986562,0.01190666668793991
50,42,12,40,2000,100,0.08930500658761527,395.882819,0.002525999997994356
50,42,12,40,2000,250,0.08930500658761527,340.232492,0.00293916666842037
50,42,12,40,2000,500,0.08930500658761527,507.893512,0.0019689166653501177
50,42,12,40,5000,100,0.1558772507685551,106.805276,0.009362833349169005
50,42,12,40,5000,250,0.1558772507685551,131.466509,0.007606499994610795
50,42,12,40,5000,500,0.1558772507685551,154.70297,0.006464000012410881
50,42,12,40,10000,100,0.21421058410188842,84.518946,0.011831666712928483
50,42,12,40,10000,250,0.21421058410188842,55.977199,0.01786441654574392
50,42,12,40,10000,500,0.21421058410188842,86.009174,0.01162666670883271
50,42,12,80,2000,100,0.08930500658761527,434.514973,0.0023014166648752054
50,42,12,80,2000,250,0.08930500658761527,469.667319,0.0021291666665868227
50,42,12,80,2000,500,0.08930500658761527,333.203754,0.0030011666675280016
50,42,12,80,5000,100,0.1558772507685551,201.785804,0.004955750009054155
50,42,12,80,5000,250,0.1558772507685551,157.959168,0.006330749982172608
50,42,12,80,5000,500,0.1558772507685551,113.592261,0.008803416634166655
50,42,12,80,10000,100,0.21421058410188842,91.09888,0.010977083362605557
50,42,12,80,10000,250,0.21421058410188842,59.268918,0.016872249970886932
50,42,12,80,10000,500,0.21421058410188842,75.477395,0.013248999915802605
50,42,12,120,2000,100,0.08930500658761527,370.965747,0.0026956666702707727
50,42,12,120,2000,250,0.08930500658761527,506.222316,0.0019754166665382645
50,42,12,120,2000,500,0.08930500658761527,341.637011,0.0029270833305587024
50,42,12,120,5000,100,0.1558772507685551,122.23071,0.008181250031191016
50,42,12,120,5000,250,0.1558772507685551,144.329649,0.006928583329403095
50,42,12,120,5000,500,0.1558772507685551,166.486307,0.006006499982007529
50,42,12,120,10000,100,0.21421058410188842,80.853272,0.012368083260749174
50,42,12,120,10000,250,0.21421058410188842,88.148442,0.011344499996948329
50,42,12,120,10000,500,0.21421058410188842,57.149116,0.017498083434921374
50,42,12,300,2000,100,0.08930500658761527,309.294294,0.0032331666616520253
50,42,12,300,2000,250,0.08930500658761527,231.767614,0.004314666672971833
50,42,12,300,2000,500,0.08930500658761527,302.747433,0.0033030833328320905
50,42,12,300,5000,100,0.1558772507685551,182.698456,0.005473500005933274
50,42,12,300,5000,250,0.1558772507685551,107.083579,0.009338499976733127
50,42,12,300,5000,500,0.1558772507685551,177.289247,0.005640500012953409
50,42,12,300,10000,100,0.21421058410188842,63.355631,0.015783916665592045
50,42,12,300,10000,250,0.21421058410188842,92.584734,0.01080091670404324
50,42,12,300,10000,500,0.21421058410188842,67.706335,0.014769666678900875
50,42,12,500,2000,100,0.08930500658761527,361.772686,0.0027641666679059347
50,42,12,500,2000,250,0.08930500658761527,246.199298,0.00406175000547727
50,42,12,500,2000,500,0.08930500658761527,253.528268,0.003944333339586417
50,42,12,500,5000,100,0.1558772507685551,64.729807,0.015448833332687059
50,42,12,500,5000,250,0.1558772507685551,143.855569,0.006951416667087806
50,42,12,500,5000,500,0.1558772507685551,137.997654,0.007246500002094238
50,42,12,500,10000,100,0.21421058410188842,71.939858,0.013900500053808836
50,42,12,500,10000,250,0.21421058410188842,80.165676,0.012474166624628724
50,42,12,500,10000,500,0.21421058410188842,79.315769,0.012607833380522352
50,42,12,1000,2000,100,0.08930500658761527,201.908031,0.00495274999734904
50,42,12,1000,2000,250,0.08930500658761527,347.011365,0.0028817499968624948
50,42,12,1000,2000,500,0.08930500658761527,237.482684,0.004210833325431003
50,42,12,1000,5000,100,0.1558772507685551,191.861859,0.005212083345861878
50,42,12,1000,5000,250,0.1558772507685551,108.679901,0.009201333372580087
50,42,12,1000,5000,500,0.1558772507685551,154.926668,0.0064546666684911855
50,42,12,1000,10000,100,0.21421058410188842,84.562425,0.011825583289504765
50,42,12,1000,10000,250,0.21421058410188842,57.746167,0.017317166696102965
50,42,12,1000,10000,500,0.21421058410188842,83.217753,0.012016666684090833
50,42,14,20,2000,100,0.08930500658761527,327.251902,0.0030557500014163404
50,42,14,20,2000,250,0.08930500658761527,336.785384,0.0029692499957183413
50,42,14,20,2000,500,0.08930500658761527,497.677505,0.0020093333332395643
50,42,14,20,5000,100,0.1558772507685551,162.952703,0.006136749999170004
50,42,14,20,5000,250,0.1558772507685551,136.534304,0.007324166679752511
50,42,14,20,5000,500,0.1558772507685551,151.387084,0.006605583340253783
50,42,14,20,10000,100,0.21421058410188842,63.191153,0.015825000059739375
50,42,14,20,10000,250,0.21421058410188842,80.424642,0.012434000017059446
50,42,14,20,10000,500,0.21421058410188842,76.260684,0.013112916742262632
50,42,14,40,2000,100,0.08930500658761527,576.701269,0.0017339999992266359
50,42,14,40,2000,250,0.08930500658761527,433.886539,0.002304749998247814
50,42,14,40,2000,500,0.08930500658761527,391.990331,0.0025510833327161836
50,42,14,40,5000,100,0.1558772507685551,136.492373,0.0073264166928946285
50,42,14,40,5000,250,0.1558772507685551,148.509338,0.00673358331177801
50,42,14,40,5000,500,0.1558772507685551,152.654276,0.00655075000978027
50,42,14,40,10000,100,0.21421058410188842,80.024007,0.012496250031568653
50,42,14,40,10000,250,0.21421058410188842,76.098192,0.013140916672501234
50,42,14,40,10000,500,0.21421058410188842,70.182005,0.014248666734442824
50,42,14,80,2000,100,0.08930500658761527,388.362083,0.0025749166661051203
50,42,14,80,2000,250,0.08930500658761527,412.215314,0.002425916665483224
50,42,14,80,2000,500,0.08930500658761527,238.066897,0.0042004999964358756
50,42,14,80,5000,100,0.1558772507685551,129.300592,0.007733916639762949
50,42,14,80,5000,250,0.1558772507685551,84.878235,0.011781583347014696
50,42,14,80,5000,500,0.1558772507685551,168.584313,0.005931750008080526
50,42,14,80,10000,100,0.21421058410188842,58.893104,0.016979916697887072
50,42,14,80,10000,250,0.21421058410188842,79.772383,0.012535666635406891
50,42,14,80,10000,500,0.21421058410188842,52.966335,0.018879916837742313
50,42,14,120,2000,100,0.08930500658761527,269.93589,0.003704583336435922
50,42,14,120,2000,250,0.08930500658761527,420.536184,0.0023779166645978792
50,42,14,120,2000,500,0.08930500658761527,443.852641,0.002252999999610231
50,42,14,120,5000,100,0.1558772507685551,152.12596,0.00657350001275259
50,42,14,120,5000,250,0.1558772507685551,121.051941,0.008260916691951267
50,42,14,120,5000,500,0.1558772507685551,160.597422,0.00622675001594982
50,42,14,120,10000,100,0.21421058410188842,55.932061,0.01787883339396344
50,42,14,120,10000,250,0.21421058410188842,47.896352,0.020878416794665282
50,42,14,120,10000,500,0.21421058410188842,83.031767,0.012043583270966642
50,42,14,300,2000,100,0.08930500658761527,559.649286,0.0017868333347610132
50,42,14,300,2000,250,0.08930500658761527,439.2065,0.0022768333346614863
50,42,14,300,2000,500,0.08930500658761527,315.068133,0.003173916671541009
50,42,14,300,5000,100,0.1558772507685551,155.981906,0.006411000004064573
50,42,14,300,5000,250,0.1558772507685551,143.099048,0.006988166685776973
50,42,14,300,5000,500,0.1558772507685551,145.13437,0.006890166677955057
50,42,14,300,10000,100,0.21421058410188842,87.811089,0.01138808334332353
50,42,14,300,10000,250,0.21421058410188842,87.204232,0.011467333374371096
50,42,14,300,10000,500,0.21421058410188842,78.764965,0.01269600005535456
50,42,14,500,2000,100,0.08930500658761527,447.410611,0.002235083333774576
50,42,14,500,2000,250,0.08930500658761527,478.297262,0.00209074999889922
50,42,14,500,2000,500,0.08930500658761527,374.461711,0.0026705000020683023
50,42,14,500,5000,100,0.1558772507685551,160.847128,0.006217083341394818
50,42,14,500,5000,250,0.1558772507685551,165.432814,0.006044749985332414
50,42,14,500,5000,500,0.1558772507685551,129.712902,0.007709333339870847
50,42,14,500,10000,100,0.21421058410188842,83.304408,0.012004166694276251
50,42,14,500,10000,250,0.21421058410188842,51.866323,0.019280333406322247
50,42,14,500,10000,500,0.21421058410188842,65.789474,0.01519999992704
50,42,14,1000,2000,100,0.08930500658761527,463.016553,0.0021597499992619053
50,42,14,1000,2000,250,0.08930500658761527,347.463516,0.0028780000027398556
50,42,14,1000,2000,500,0.08930500658761527,429.015766,0.0023309166684564223
50,42,14,1000,5000,100,0.1558772507685551,155.151014,0.006445333318930162
50,42,14,1000,5000,250,0.1558772507685551,165.54921,0.006040499981848298
50,42,14,1000,5000,500,0.1558772507685551,139.96944,0.007144416666952444
50,42,14,1000,10000,100,0.21421058410188842,69.46937,0.01439483329127643
50,42,14,1000,10000,250,0.21421058410188842,72.279142,0.01383525000891682
50,42,14,1000,10000,500,0.21421058410188842,67.500295,0.014814750068870071
50,42,16,20,2000,100,0.08930500658761527,310.679612,0.003218749996378906
50,42,16,20,2000,250,0.08930500658761527,556.354027,0.001797416665414017
50,42,16,20,2000,500,0.08930500658761527,474.252065,0.002108583333211211
50,42,16,20,5000,100,0.1558772507685551,175.01896,0.005713666679312916
50,42,16,20,5000,250,0.1558772507685551,112.550296,0.008884916659837127
50,42,16,20,5000,500,0.1558772507685551,197.452858,0.005064500003337506
50,42,16,20,10000,100,0.21421058410188842,63.712529,0.015695500016958987
50,42,16,20,10000,250,0.21421058410188842,83.710028,0.011946000065846353
50,42,16,20,10000,500,0.21421058410188842,75.505414,0.013244083397781251
50,42,16,40,2000,100,0.08930500658761527,412.102064,0.0024265833330065537
50,42,16,40,2000,250,0.08930500658761527,323.284571,0.0030932500023330835
50,42,16,40,2000,500,0.08930500658761527,439.689286,0.0022743333345629896
50,42,16,40,5000,100,0.1558772507685551,140.683252,0.0071081666494317314
50,42,16,40,5000,250,0.1558772507685551,137.27307,0.007284750024167159
50,42,16,40,5000,500,0.1558772507685551,129.101668,0.007745833307126598
50,42,16,40,10000,100,0.21421058410188842,61.184845,0.0163439165368483
50,42,16,40,10000,250,0.21421058410188842,83.557313,0.011967833384015114
50,42,16,40,10000,500,0.21421058410188842,84.835631,0.011787499995137656
50,42,16,80,2000,100,0.08930500658761527,425.818814,0.002348416667188407
50,42,16,80,2000,250,0.08930500658761527,365.998719,0.00273225000003347
50,42,16,80,2000,500,0.08930500658761527,307.976594,0.0032469999976686543
50,42,16,80,5000,100,0.1558772507685551,122.123732,0.008188416646160141
50,42,16,80,5000,250,0.1558772507685551,112.929485,0.00885508332921203
50,42,16,80,5000,500,0.1558772507685551,182.058168,0.005492749987465545
50,42,16,80,10000,100,0.21421058410188842,59.017071,0.016944249910335264
50,42,16,80,10000,250,0.21421058410188842,60.029114,0.016658583366731018
50,42,16,80,10000,500,0.21421058410188842,85.101555,0.01175066660062792
50,42,16,120,2000,100,0.08930500658761527,574.6576,0.0017401666662026222
50,42,16,120,2000,250,0.08930500658761527,367.062278,0.002724333335064193
50,42,16,120,2000,500,0.08930500658761527,366.401026,0.002729249999425493
50,42,16,120,5000,100,0.1558772507685551,163.639339,0.006110999996156181
50,42,16,120,5000,250,0.1558772507685551,158.215331,0.006320500002619848
50,42,16,120,5000,500,0.1558772507685551,107.794436,0.009276916667572712
50,42,16,120,10000,100,0.21421058410188842,65.461092,0.015276249898183795
50,42,16,120,10000,250,0.21421058410188842,80.952542,0.012352916601432973
50,42,16,120,10000,500,0.21421058410188842,85.755939,0.011660999945438181
50,42,16,300,2000,100,0.08930500658761527,500.855628,0.0019965833347888426
50,42,16,300,2000,250,0.08930500658761527,610.221205,0.001638750000501867
50,42,16,300,2000,500,0.08930500658761527,381.642973,0.0026202499999914844
50,42,16,300,5000,100,0.1558772507685551,135.217362,0.007395499995037619
50,42,16,300,5000,250,0.1558772507685551,157.197689,0.006361416674516125
50,42,16,300,5000,500,0.1558772507685551,181.815427,0.005500083334512643
50,42,16,300,10000,100,0.21421058410188842,57.48145,0.017396916744445382
50,42,16,300,10000,250,0.21421058410188842,88.61124,0.011285250042771098
50,42,16,300,10000,500,0.21421058410188842,57.23334,0.017472333433624528
50,42,16,500,2000,100,0.08930500658761527,285.632676,0.003501000004635324
50,42,16,500,2000,250,0.08930500658761527,341.471743,0.0029285000018288484
50,42,16,500,2000,500,0.08930500658761527,283.393161,0.0035286666639072492
50,42,16,500,5000,100,0.1558772507685551,175.377061,0.005701999989610956
50,42,16,500,5000,250,0.1558772507685551,176.965049,0.005650833346193688
50,42,16,500,5000,500,0.1558772507685551,154.059467,0.0064909999980721726
50,42,16,500,10000,100,0.21421058410188842,77.51938,0.0128999999742
50,42,16,500,10000,250,0.21421058410188842,77.298171,0.012936916709193547
50,42,16,500,10000,500,0.21421058410188842,80.428954,0.012433333398815555
50,42,16,1000,2000,100,0.08930500658761527,277.405335,0.003604833338911813
50,42,16,1000,2000,250,0.08930500658761527,412.498711,0.0024242499996563623
50,42,16,1000,2000,500,0.08930500658761527,539.374326,0.001853999999250984
50,42,16,1000,5000,100,0.1558772507685551,158.39075,0.006313499999210812
50,42,16,1000,5000,250,0.1558772507685551,129.126673,0.007744333349315055
50,42,16,1000,5000,500,0.1558772507685551,122.753358,0.008146416654442969
50,42,16,1000,10000,100,0.21421058410188842,77.306139,0.012935583291774537
50,42,16,1000,10000,250,0.21421058410188842,87.620021,0.011412916689440191
50,42,16,1000,10000,500,0.21421058410188842,66.067653,0.01513600006345011
50,42,20,20,2000,100,0.08930500658761527,457.17769,0.0021873333320355155
50,42,20,20,2000,250,0.08930500658761527,238.227587,0.004197666662341671
50,42,20,20,2000,500,0.08930500658761527,451.53522,0.0022146666654264536
50,42,20,20,5000,100,0.1558772507685551,144.230769,0.006933333344426666
50,42,20,20,5000,250,0.1558772507685551,156.270348,0.006399166654444258
50,42,20,20,5000,500,0.1558772507685551,103.751481,0.009638416631373195
50,42,20,20,10000,100,0.21421058410188842,110.87294,0.009019333301705538
50,42,20,20,10000,250,0.21421058410188842,82.13721,0.01217475003107605
50,42,20,20,10000,500,0.21421058410188842,55.279414,0.01808991679976926
50,42,20,40,2000,100,0.08930500658761527,387.196696,0.0025826666661432464
50,42,20,40,2000,250,0.08930500658761527,432.432432,0.0023125000023125
50,42,20,40,2000,500,0.08930500658761527,273.448182,0.0036569999942438823
50,42,20,40,5000,100,0.1558772507685551,148.60129,0.006729416682721933
50,42,20,40,5000,250,0.1558772507685551,167.065768,0.005985666674695442
50,42,20,40,5000,500,0.1558772507685551,185.623463,0.005387249994360897
50,42,20,40,10000,100,0.21421058410188842,83.024298,0.012044666731177902
50,42,20,40,10000,250,0.21421058410188842,83.642345,0.011955666714031032
50,42,20,40,10000,500,0.21421058410188842,81.826922,0.012220916729581983
50,42,20,80,2000,100,0.08930500658761527,248.725283,0.004020499998787819
50,42,20,80,2000,250,0.08930500658761527,288.906009,0.0034613333362685443
50,42,20,80,2000,500,0.08930500658761527,403.130984,0.0024805833331828443
50,42,20,80,5000,100,0.1558772507685551,192.922943,0.005183416676366999
50,42,20,80,5000,250,0.1558772507685551,183.07474,0.005462250007838329
50,42,20,80,5000,500,0.1558772507685551,140.937706,0.007095333309880892
50,42,20,80,10000,100,0.21421058410188842,78.297295,0.012771833305352375
50,42,20,80,10000,250,0.21421058410188842,82.704435,0.012091250003702946
50,42,20,80,10000,500,0.21421058410188842,51.579626,0.019387500017933438
50,42,20,120,2000,100,0.08930500658761527,366.927593,0.002725333332999026
50,42,20,120,2000,250,0.08930500658761527,468.878209,0.0021327499994780092
50,42,20,120,2000,500,0.08930500658761527,441.842483,0.002263250000792703
50,42,20,120,5000,100,0.1558772507685551,144.691626,0.006911249998669584
50,42,20,120,5000,250,0.1558772507685551,114.166112,0.00875916664307531
50,42,20,120,5000,500,0.1558772507685551,147.304331,0.006788666655021841
50,42,20,120,10000,100,0.21421058410188842,81.421622,0.012281749926327924
50,42,20,120,10000,250,0.21421058410188842,66.864288,0.014955666618329951
50,42,20,120,10000,500,0.21421058410188842,81.36531,0.01229024998491372
50,42,20,300,2000,100,0.08930500658761527,272.05949,0.0036756666712857546
50,42,20,300,2000,250,0.08930500658761527,458.505273,0.002180999999099247
50,42,20,300,2000,500,0.08930500658761527,384.430562,0.002601250001554247
50,42,20,300,5000,100,0.1558772507685551,140.945982,0.0070949166894307076
50,42,20,300,5000,250,0.1558772507685551,111.044279,0.009005416659060841
50,42,20,300,5000,500,0.1558772507685551,168.189718,0.005945666666734051
50,42,20,300,10000,100,0.21421058410188842,62.614794,0.015970666612749696
50,42,20,300,10000,250,0.21421058410188842,82.899836,0.01206275003969851
50,42,20,300,10000,500,0.21421058410188842,74.211503,0.013474999960585626
50,42,20,500,2000,100,0.08930500658761527,420.91971,0.002375749997547038
50,42,20,500,2000,250,0.08930500658761527,363.36109,0.002752083333964019
50,42,20,500,2000,500,0.08930500658761527,280.203615,0.003568833328577863
50,42,20,500,5000,100,0.1558772507685551,159.544766,0.006267833317703446
50,42,20,500,5000,250,0.1558772507685551,113.193665,0.008834416661038407
50,42,20,500,5000,500,0.1558772507685551,194.464251,0.005142333333029936
50,42,20,500,10000,100,0.21421058410188842,80.906694,0.012359916720858722
50,42,20,500,10000,250,0.21421058410188842,61.957869,0.0161399999086476
50,42,20,500,10000,500,0.21421058410188842,62.016786,0.01612466663461083
50,42,20,1000,2000,100,0.08930500658761527,439.094003,0.0022774166651508563
50,42,20,1000,2000,250,0.08930500658761527,248.447205,0.0040249999994968755
50,42,20,1000,2000,500,0.08930500658761527,372.659234,0.002683416668000772
50,42,20,1000,5000,100,0.1558772507685551,161.240477,0.006201916656448492
50,42,20,1000,5000,250,0.1558772507685551,145.424579,0.006876416675065637
50,42,20,1000,5000,500,0.1558772507685551,148.91848,0.006715083312695645
50,42,20,1000,10000,100,0.21421058410188842,85.447567,0.011703083365732343
50,42,20,1000,10000,250,0.21421058410188842,83.301517,0.012004583301886326
50,42,20,1000,10000,500,0.21421058410188842,77.262338,0.01294291663811675
